{
	"url_categories":[
		{
			"url_category_id":"985518e3-aa58-4ba1-86ac-7fc29ffe9540",			
			"name":"LinkedIn Connections",			
			"url_patterns":[
				{"match_type":"EXACT","host":"www.linkedin.com"}
			]
		},
		{
			"url_category_id":"883ebfa1-4235-4aee-8d4a-328fac73fa06",			
			"name":"Miscellaneous",			
			"url_patterns":[
				{"match_type":"EXACT","host":"endpoint.websense.net"},
				{"match_type":"EXACT","host":"ngep.blackspider.com"},
				{"match_type":"EXACT","host":"epevents.blackspider.com"},
				{"match_type":"EXACT","host":"pdm.raytheon.com"},
				{"match_type":"EXACT","host":"hybrid-web.global.blackspider.com"},
				{"match_type":"EXACT","host":"hybrid-web.cluster-n.blackspider.com"},
				{"match_type":"EXACT","host":"sp1.ecs.raytheon.com"},
				{"match_type":"EXACT","host":"webauth-cp.raytheon.com"},
				{"match_type":"EXACT","host":"hybrid-web.cluster-h.blackspider.com"},
				{"match_type":"EXACT","host":"hybrid-web.cluster-e.blackspider.com"},
				{"match_type":"EXACT","host":"www.mailcontrol.com"},
				{"match_type":"EXACT","host":"itracker1.ecs.raytheon.com"},
				{"match_type":"EXACT","host":"http-public-euw1.aws.efc.forcepoint.net"},
				{"match_type":"EXACT","host":"hybrid-web.cluster-i.blackspider.com"},
				{"match_type":"EXACT","host":"85.115.53.201"},
				{"match_type":"EXACT","host":"ipv4-31-145-12-162.iq.global.websense.net"},
				{"match_type":"EXACT","host":"hybrid-web.cluster-o.blackspider.com"},
				{"match_type":"EXACT","host":"csi.forcepoint.com"},
				{"match_type":"EXACT","host":"ssl-proxy-login.blackspider.com"},
				{"match_type":"EXACT","host":"adfs-compartamos-com.office365.compartamos.skyfencenet.com"},
				{"match_type":"EXACT","host":"hybrid-web.cluster-c.blackspider.com"},
				{"match_type":"EXACT","host":"hybrid-web.cluster-wawa.blackspider.com"},
				{"match_type":"EXACT","host":"twx.raytheon.com"},
				{"match_type":"EXACT","host":"hybrid-web.cluster-u.blackspider.com"},
				{"match_type":"EXACT","host":"cluster.lonb.hybrid-web.global.blackspider.com"},
				{"match_type":"EXACT","host":"cluster.a.hybrid-web.global.blackspider.com"},
				{"match_type":"EXACT","host":"hybrid-web.cluster-f.blackspider.com"},
				{"match_type":"EXACT","host":"cluster.nyca.hybrid-web.global.blackspider.com"},
				{"match_type":"EXACT","host":"cluster.yyza.hybrid-web.global.blackspider.com"},
				{"match_type":"EXACT","host":"www.websense.com"},
				{"match_type":"EXACT","host":"autodiscover.raytheon.com"},
				{"match_type":"EXACT","host":"hybrid-web.cluster-r.blackspider.com"},
				{"match_type":"EXACT","host":"pki.raytheon.com"},
				{"match_type":"EXACT","host":"hybrid-web.cluster-g.blackspider.com"},
				{"match_type":"EXACT","host":"lyncdiscover.raytheon.com"},
				{"match_type":"EXACT","host":"bos-link11a.raytheon.com"},
				{"match_type":"EXACT","host":"cm-pr-jenkins.appsig.com"},
				{"match_type":"EXACT","host":"support.forcepoint.com"},
				{"match_type":"EXACT","host":"cluster.r.hybrid-web.global.blackspider.com"},
				{"match_type":"EXACT","host":"bos-link11.raytheon.com"},
				{"match_type":"EXACT","host":"cluster.c.hybrid-web.global.blackspider.com"},
				{"match_type":"EXACT","host":"ipv4-31-145-14-106.iq.global.websense.net"},
				{"match_type":"EXACT","host":"lyncdiscoverinternal.raytheon.com"},
				{"match_type":"EXACT","host":"admin.forcepoint.net"},
				{"match_type":"EXACT","host":"hybrid-web.cluster-p.blackspider.com"},
				{"match_type":"EXACT","host":"hybrid-web.cluster-m.blackspider.com"},
				{"match_type":"EXACT","host":"itracker.raytheon.com"},
				{"match_type":"EXACT","host":"hybrid-web.cluster-b.blackspider.com"},
				{"match_type":"EXACT","host":"sdc.raytheon.com"},
				{"match_type":"EXACT","host":"cluster.f.webdefence.global.blackspider.com"},
				{"match_type":"EXACT","host":"admin.websense.net"},
				{"match_type":"EXACT","host":"bos-link11b.raytheon.com"},
				{"match_type":"EXACT","host":"dfw-link11a.raytheon.com"},
				{"match_type":"EXACT","host":"www.forcepoint.com"},
				{"match_type":"EXACT","host":"lax-link11a.raytheon.com"},
				{"match_type":"EXACT","host":"ipv4-95-138-143-133.iq.global.websense.net"},
				{"match_type":"EXACT","host":"dfw-link11b.raytheon.com"},
				{"match_type":"EXACT","host":"dfw-link11.raytheon.com"},
				{"match_type":"EXACT","host":"home.webdefence.global.blackspider.com"},
				{"match_type":"EXACT","host":"cluster.boga.hybrid-web.global.blackspider.com"},
				{"match_type":"EXACT","host":"ipv4-62-93-160-164.iq.global.websense.net"},
				{"match_type":"EXACT","host":"ipv4.85.133.82.149.webdefence.global.blackspider.com"},
				{"match_type":"EXACT","host":"lax-link11.raytheon.com"},
				{"match_type":"EXACT","host":"hybrid-web.cluster-yyza.blackspider.com"},
				{"match_type":"EXACT","host":"ipv4-113-29-88-34.iq.global.websense.net"},
				{"match_type":"EXACT","host":"cluster.e.hybrid-web.global.blackspider.com"},
				{"match_type":"EXACT","host":"csi.websense.com"},
				{"match_type":"EXACT","host":"cluster.b.hybrid-web.global.blackspider.com"},
				{"match_type":"EXACT","host":"cluster.viea.hybrid-web.global.blackspider.com"},
				{"match_type":"EXACT","host":"ipv4-206-160-145-6.iq.global.websense.net"},
				{"match_type":"EXACT","host":"cluster.uioa.hybrid-web.global.blackspider.com"},
				{"match_type":"EXACT","host":"cq1.gpsocx.raytheon.com"},
				{"match_type":"EXACT","host":"ipv4-62-41-25-74.iq.global.websense.net"},
				{"match_type":"EXACT","host":"lax-link11b.raytheon.com"},
				{"match_type":"EXACT","host":"ipv4-176-162-149-250.iq.global.websense.net"},
				{"match_type":"EXACT","host":"dfw-sftp.raytheon.com"},
				{"match_type":"EXACT","host":"login-microsoftonline-com.servicenow.localiza.skyfencenet.com"},
				{"match_type":"EXACT","host":"cluster.o.hybrid-web.global.blackspider.com"},
				{"match_type":"EXACT","host":"servicenow.localiza.skyfencenet.com"},
				{"match_type":"EXACT","host":"webanalyticsssl.websense.com"},
				{"match_type":"EXACT","host":"mobiletr.raytheon.com"},
				{"match_type":"EXACT","host":"cluster.p.hybrid-web.global.blackspider.com"},
				{"match_type":"EXACT","host":"ipv4-79-78-182-249.iq.global.websense.net"},
				{"match_type":"EXACT","host":"ipv4-220-101-54-17.iq.global.websense.net"},
				{"match_type":"EXACT","host":"meet.raytheon.com"},
				{"match_type":"EXACT","host":"ipv4-124-247-194-97.iq.global.websense.net"},
				{"match_type":"EXACT","host":"cluster.g.hybrid-web.global.blackspider.com"},
				{"match_type":"EXACT","host":"ipv4-125-234-142-82.iq.global.websense.net"},
				{"match_type":"EXACT","host":"ipv4-203-201-225-211.iq.global.websense.net"},
				{"match_type":"EXACT","host":"ai677096.dhcp.rsc.raytheon.com"},
				{"match_type":"EXACT","host":"ipv4-81-166-216-197.iq.global.websense.net"},
				{"match_type":"EXACT","host":"ipv4-81-0-211-165.iq.global.websense.net"},
				{"match_type":"EXACT","host":"rdc1.ecs.raytheon.com"},
				{"match_type":"EXACT","host":"ipv4-95-160-76-219.iq.global.websense.net"},
				{"match_type":"EXACT","host":"img.hybrid-web.websense.net"},
				{"match_type":"EXACT","host":"ipv4-81-128-152-73.iq.global.websense.net"},
				{"match_type":"EXACT","host":"cluster.m.hybrid-web.global.blackspider.com"},
				{"match_type":"EXACT","host":"ipv4-194-126-226-123.iq.global.websense.net"},
				{"match_type":"EXACT","host":"ipv4-84-14-159-222.iq.global.websense.net"},
				{"match_type":"EXACT","host":"cluster.n.hybrid-web.global.blackspider.com"}
			]
		},				
		{
			"url_category_id":"0a6f0dce-e5a2-4a4b-928b-02b9a39f72b6",
			"name":"Compromised Websites",
			"url_patterns":[
				{"match_type":"EXACT","host":"www.rsakillerforever.name"},
				{"match_type":"EXACT","host":"www.hostingcloud.racing"},
				{"match_type":"EXACT","host":"code.moviead55.ru"},
				{"match_type":"EXACT","host":"sibautomation.com"},
				{"match_type":"EXACT","host":"proudflex.org"},
				{"match_type":"EXACT","host":"www.frontiernet.net"},
				{"match_type":"EXACT","host":"clonyjohn.com"},
				{"match_type":"EXACT","host":"imgcdn.ptvcdn.net"},
				{"match_type":"EXACT","host":"epicunitscan.info"},
				{"match_type":"EXACT","host":"cdnimg.xyz"},
				{"match_type":"EXACT","host":"groproext.com"},
				{"match_type":"EXACT","host":"mikkymax.com"},
				{"match_type":"EXACT","host":"aaltofi-my.sharepoint.com"},
				{"match_type":"EXACT","host":"180.151.6.242"},
				{"match_type":"EXACT","host":"foreversa.co.za"},
				{"match_type":"EXACT","host":"linkprovider.org"},
				{"match_type":"EXACT","host":"rasenalong.com"},
				{"match_type":"EXACT","host":"untsorce.cool"},
				{"match_type":"EXACT","host":"www.punters.com.au"},
				{"match_type":"EXACT","host":"at.heheelibom.com"},
				{"match_type":"EXACT","host":"loidjony.net"},
				{"match_type":"EXACT","host":"imp.onesearch.org"},
				{"match_type":"EXACT","host":"eu-ma.sam4m.com"},
				{"match_type":"EXACT","host":"www.aapsis.com"},
				{"match_type":"EXACT","host":"legitville.com"},
				{"match_type":"EXACT","host":"gnldr.online"},
				{"match_type":"EXACT","host":"b2bcdn.aza.moda"},
				{"match_type":"EXACT","host":"www.comunicazioneitaliana.it"},
				{"match_type":"EXACT","host":"wpad.utopia.net"},
				{"match_type":"EXACT","host":"getemail.io"},
				{"match_type":"EXACT","host":"www.coupondunia.in"},
				{"match_type":"EXACT","host":"docepimenta.net.br"},
				{"match_type":"EXACT","host":"ucliveac-my.sharepoint.com"},
				{"match_type":"EXACT","host":"bezgore.ru"},
				{"match_type":"EXACT","host":"xxgasm.com"},
				{"match_type":"EXACT","host":"securepubads.g.doubleclick.net"},
				{"match_type":"EXACT","host":"stremanp.com"},
				{"match_type":"EXACT","host":"vpnur.com"},
				{"match_type":"EXACT","host":"downsrf.eastday.com"},
				{"match_type":"EXACT","host":"vigimedsafe.com"},
				{"match_type":"EXACT","host":"findresults.site"},
				{"match_type":"EXACT","host":"nf-asset.miniclipcf.com"},
				{"match_type":"EXACT","host":"www.express-miejski.pl"},
				{"match_type":"EXACT","host":"69.2.160.226"},
				{"match_type":"EXACT","host":"oto.com.vn"},
				{"match_type":"EXACT","host":"hqq.tv"},
				{"match_type":"EXACT","host":"cdn.ertheo.com"},
				{"match_type":"EXACT","host":"analytics.elo7.com.br"},
				{"match_type":"EXACT","host":"cdn.quantummetric.com"},
				{"match_type":"EXACT","host":"www.sapfans.com"},
				{"match_type":"EXACT","host":"www.vor9.de"},
				{"match_type":"EXACT","host":"home.douglasshome.com"},
				{"match_type":"EXACT","host":"ihcorp-my.sharepoint.com"},
				{"match_type":"EXACT","host":"urchintelemetry.com"},
				{"match_type":"EXACT","host":"68.106.66.205"},
				{"match_type":"EXACT","host":"upic.me"},
				{"match_type":"EXACT","host":"hmygroup.co.uk"},
				{"match_type":"EXACT","host":"reevaipi.com"},
				{"match_type":"EXACT","host":"68.106.66.200"},
				{"match_type":"EXACT","host":"yourjavascript.com"},
				{"match_type":"EXACT","host":"www.korkusuz.com.tr"},
				{"match_type":"EXACT","host":"www.top-password.com"},
				{"match_type":"EXACT","host":"m.gjcdn.net"},
				{"match_type":"EXACT","host":"www.romagnasport.com"},
				{"match_type":"EXACT","host":"bpholidays.com"},
				{"match_type":"EXACT","host":"sportpiacenza.it"},
				{"match_type":"EXACT","host":"get.cryptobrowser.site"},
				{"match_type":"EXACT","host":"updates.ijnewhb.com"},
				{"match_type":"EXACT","host":"163.53.206.187"},
				{"match_type":"EXACT","host":"cdn.popcash.net"},
				{"match_type":"EXACT","host":"www.thaibadminton.com"},
				{"match_type":"EXACT","host":"gloorajo.com"},
				{"match_type":"EXACT","host":"hbi-ingest.net"},
				{"match_type":"EXACT","host":"blog.urbanadventures.com"},
				{"match_type":"EXACT","host":"katie.tncrun.net"},
				{"match_type":"EXACT","host":"pushlaram.com"},
				{"match_type":"EXACT","host":"lameziaairport.it"},
				{"match_type":"EXACT","host":"chng.it"},
				{"match_type":"EXACT","host":"tattoo-journal.com"},
				{"match_type":"EXACT","host":"5.45.79.15"},
				{"match_type":"EXACT","host":"yts.am"},
				{"match_type":"EXACT","host":"newstoredata.goforandroid.com"},
				{"match_type":"EXACT","host":"www.plmetal.ca"},
				{"match_type":"EXACT","host":"bloomfire.com"},
				{"match_type":"EXACT","host":"ommaesabel.com"},
				{"match_type":"EXACT","host":"www.ufrpe.br"},
				{"match_type":"EXACT","host":"68.106.66.202"},
				{"match_type":"EXACT","host":"xtrons.com"},
				{"match_type":"EXACT","host":"cdn.decibelinsight.net"},
				{"match_type":"EXACT","host":"images.myperfectcolor.com"},
				{"match_type":"EXACT","host":"api.typlug.com"},
				{"match_type":"EXACT","host":"www.agcok.com"},
				{"match_type":"EXACT","host":"ls2.com.br"},
				{"match_type":"EXACT","host":"z-dzine.com"},
				{"match_type":"EXACT","host":"www.creativeemporium.co.uk"},
				{"match_type":"EXACT","host":"www.z-dzine.com"},
				{"match_type":"EXACT","host":"http-public-euw1.aws.efc.forcepoint.net"},
				{"match_type":"EXACT","host":"briskeagle.io"},
				{"match_type":"EXACT","host":"www.freeresultsguide.com"},
				{"match_type":"EXACT","host":"www.foreversa.co.za"}
			]
		}
	]
}